Fish	Trophy Weight	Super Trophy Weight	Found at
Albino barbel	8 kg	12 kg	Bear Lake
Albino Catfish	100 kg	200 kg	Akhtuba River
Albino Grass Carp	28 kg	40 kg	Bear Lake
Alfonsino	9 kg	12 kg	Norwegian Sea
Alligator gar	70 kg	100 kg	Elk Lake
American plaice	4 kg	5 kg	Norwegian Sea
Amur Catfish	5 kg	7 kg	Lower Tunguska
Arctic Char	11 kg	16 kg	Kuori Lake, Lower Tunguska, Yama River
Arctic Grayling	2 kg	2.5 kg	Belaya River, Lower Tunguska
Arctic Omul	3 kg	4 kg	Lower Tunguska, Yama River
Arctic skate	8 kg	10 kg	Norwegian Sea
Asian Smelt	270 g	320 g	Lower Tunguska, Yama River
Asp	8 kg	13 kg	Akhtuba River, Belaya River, Seversky Donets, Sura River, Volkhov River, Winding Rivulet
Atlantic bluefin tuna	250 kg	400 kg	Norwegian Sea
Atlantic cod	50 kg	65 kg	Norwegian Sea
Atlantic footballfish	7 kg	9 kg	Norwegian Sea
Atlantic halibut	150 kg	220 kg	Norwegian Sea
Atlantic herring	800 g	1 kg	Norwegian Sea
Atlantic mackerel	2 kg	2.8 kg	Norwegian Sea
Atlantic redfish	9 kg	11 kg	Norwegian Sea
Atlantic Salmon	30 kg	40 kg	Ladoga Archipelago, Ladoga Lake, Volkhov River
Atlantic saury	600 g	750 g	Norwegian Sea
Atlantic wolffish	14.5 kg	19 kg	Norwegian Sea
Atlantic wreckfish	60 kg	75 kg	Norwegian Sea
Baikal Omul	6 kg	7 kg	Ladoga Archipelago, Lower Tunguska
Baltic Sturgeon	200 kg	300 kg	Ladoga Archipelago, Ladoga Lake
Basking shark	1300 kg	2500 kg	Norwegian Sea
Bastard Sturgeon	50 kg	70 kg	Akhtuba River
Beaked redfish	5.5 kg	7 kg	Norwegian Sea
Beloribitsa Whitefish	15 kg	25 kg	Akhtuba River
Beluga	500 kg	1000 kg	Akhtuba River
Bighead Carp	30 kg	45 kg	Akhtuba River, Sura River
Black Buffalo	15 kg	20 kg	Akhtuba River
Black Carp	28 kg	40 kg	Bear Lake, Old Burg
Black crappie	1.6 kg	2.2 kg	Elk Lake
Black ruff	24 kg	29 kg	Norwegian Sea
Black scabbardfish	4 kg	5.5 kg	Norwegian Sea
Black Sea Beluga	500 kg	1000 kg	Seversky Donets
Black Sea Kutum	5.5 kg	7.5 kg	Seversky Donets
Black Sea Shemaya	500 g	700 g	Seversky Donets
Black Sea trout	14 kg	20 kg	
Black whitefish	3.5 kg	5 kg	Ladoga Archipelago
Black-spined Herring	250 g	340 g	Akhtuba River
Bleak	110 g	160 g	Akhtuba River, Bear Lake, Belaya River, Ladoga Lake, Mosquito Lake, Old Burg, Sura River, Volkhov River, Winding Rivulet
Blue Bream	750 g	1.1 kg	Akhtuba River, Ladoga Archipelago, Ladoga Lake, Sura River, Volkhov River, Winding Rivulet
Blue ling	25 kg	35 kg	Norwegian Sea
Blue whiting	900 g	1.2 kg	Norwegian Sea
Bluegill	1.2 kg	1.7 kg	Elk Lake
Blunt-snouted lenok	7.5 kg	9 kg	Yama River
Brazhnikov Herring	700 g	1 kg	Akhtuba River
Bream	4.4 kg	7 kg	Akhtuba River, Amber Lake, Bear Lake, Belaya River, Copper Lake, Kuori Lake, Ladoga Archipelago, Ladoga Lake, Mosquito Lake, Old Burg, Seversky Donets, Sura River, Volkhov River, Winding Rivulet
Broad Whitefish	7 kg	10 kg	Lower Tunguska
Brown Trout	3 kg	5 kg	Belaya River, Lower Tunguska
Buffalo	15 kg	20 kg	Akhtuba River
Burbot	9 kg	14 kg	Akhtuba River, Amber Lake, Bear Lake, Belaya River, Copper Lake, Kuori Lake, Ladoga Archipelago, Ladoga Lake, Lower Tunguska, Old Burg, Seversky Donets, Sura River, Volkhov River, Winding Rivulet, Yama River
Butterfly Peacock bass	4 kg	5.5 kg	Elk Lake
C2 SuperFreak	30 kg	40 kg	Copper Lake
Caspian Brown Trout	30 kg	50 kg	Akhtuba River
Caspian Kutum	5 kg	7 kg	Akhtuba River
Caspian Lamprey	150 g	200 g	Akhtuba River
Caspian Roach	500 g	800 g	Akhtuba River
Catfish	100 kg	200 kg	Akhtuba River, Amber Lake, Belaya River, Ladoga Archipelago, Ladoga Lake, Mosquito Lake, Old Burg, Seversky Donets, Sura River, Volkhov River, Winding Rivulet
Channel catfish	14 kg	20 kg	Elk Lake
Char	5 kg	7.6 kg	Kuori Lake, Ladoga Archipelago, Ladoga Lake
Chinese Sleeper	400 g	700 g	Amber Lake, Bear Lake, Copper Lake, Mosquito Lake, Old Burg, Sura River, Volkhov River, Winding Rivulet
Chinook Salmon	40 kg	60 kg	Yama River
Chub	4 kg	7 kg	Akhtuba River, Amber Lake, Bear Lake, Belaya River, Copper Lake, Ladoga Archipelago, Ladoga Lake, Mosquito Lake, Old Burg, Seversky Donets, Sura River, Volkhov River, Winding Rivulet
Chum Salmon	8 kg	10 kg	Yama River
Clupeonella	24 g	28 g	Seversky Donets
Coho Salmon	5.5 kg	7 kg	Yama River
Common Barbel	8 kg	12 kg	Amber Lake, Bear Lake, Copper Lake
Common Carp	20 kg	30 kg	Akhtuba River, Amber Lake, Bear Lake, Belaya River, Copper Lake, Kuori Lake, Ladoga Archipelago, Ladoga Lake, Mosquito Lake, Old Burg, Seversky Donets, Sura River, Volkhov River, Winding Rivulet
Common Ghost Carp	20 kg	30 kg	Amber Lake
Common ling	30 kg	40 kg	Norwegian Sea
Common Minnow	100 g	160 g	Kuori Lake, Ladoga Archipelago, Ladoga Lake
Common Roach	1.2 kg	2 kg	Akhtuba River, Amber Lake, Bear Lake, Belaya River, Copper Lake, Kuori Lake, Ladoga Archipelago, Ladoga Lake, Mosquito Lake, Old Burg, Seversky Donets, Sura River, Volkhov River, Winding Rivulet
Common Scaly Albino Carp	20 kg	30 kg	Amber Lake
Conger	60 kg	75 kg	Norwegian Sea
Crucian Carp	1.8 kg	2.9 kg	Akhtuba River, Amber Lake, Bear Lake, Belaya River, Copper Lake, Kuori Lake, Ladoga Archipelago, Ladoga Lake, Lower Tunguska, Mosquito Lake, Old Burg, Seversky Donets, Sura River, Volkhov River, Winding Rivulet
Cusk	18 kg	24 kg	Norwegian Sea
Dace	250 g	390 g	Akhtuba River, Belaya River, Ladoga Archipelago, Ladoga Lake, Seversky Donets, Sura River, Volkhov River, Winding Rivulet
Dinks leather carp	35 kg	45 kg	Copper Lake
Dinks linear carp	35 kg	45 kg	Copper Lake
Dinks mirror carp	35 kg	45 kg	Copper Lake
Dolly Varden Trout	7.5 kg	10 kg	Yama River
Donets Ruffe	250 g	350 g	Seversky Donets, Winding Rivulet
Dryagin Char	10 kg	14 kg	Lower Tunguska
East Siberian Grayling	2 kg	2.5 kg	Lower Tunguska, Yama River
East Siberian Sturgeon	100 kg	150 kg	Lower Tunguska
Eastern Bream	4.4 kg	7 kg	Akhtuba River, Lower Tunguska
Edible crab	1.8 kg	2.2 kg	Norwegian Sea
Eel	4 kg	7.5 kg	Old Burg, Volkhov River
Esmark's eelpout	2.5 kg	3.3 kg	Norwegian Sea
European Angler	35 kg	45 kg	Norwegian Sea
European chimaera	1.5 kg	—	Norwegian Sea
European hake	9 kg	12 kg	Norwegian Sea
European plaice	4.5 kg	5.5 kg	Norwegian Sea
European squid	2 kg	2.4 kg	Norwegian Sea
F1	3 kg	4 kg	Copper Lake
Far Eastern Brook Lamprey	40 g	45 g	Yama River
Flathead Catfish	30 kg	45 kg	Elk Lake
Frame-sided albino carp	25 kg	40 kg	Amber Lake
Frame-sided carp	25 kg	40 kg	Amber Lake
Frame-sided Ghost Carp	25 kg	40 kg	Amber Lake
Freshwater Crayfish	200 g	330 g	Akhtuba River, Belaya River, Seversky Donets, Sura River, Volkhov River, Winding Rivulet
Freshwater drum	13.5 kg	19 kg	Elk Lake
Frilled shark	50 kg	70 kg	Norwegian Sea
Frog	190 g	250 g	Akhtuba River, Amber Lake, Bear Lake, Belaya River, Copper Lake, Kuori Lake, Ladoga Lake, Lower Tunguska, Mosquito Lake, Old Burg, Seversky Donets, Sura River, Volkhov River, Winding Rivulet
Gibel Carp	1.9 kg	3.2 kg	Akhtuba River, Amber Lake, Bear Lake, Belaya River, Copper Lake, Kuori Lake, Ladoga Archipelago, Ladoga Lake, Lower Tunguska, Mosquito Lake, Old Burg, Seversky Donets, Sura River, Volkhov River, Winding Rivulet
Gizzard shad	1.1 kg	1.6 kg	Elk Lake
Golden Tench	4 kg	6 kg	Bear Lake, Mosquito Lake
Grass Carp	28 kg	40 kg	Akhtuba River, Amber Lake, Bear Lake, Old Burg, Seversky Donets
Gray Char	3 kg	4.5 kg	Ladoga Archipelago, Ladoga Lake
Grayling	3.2 kg	5.5 kg	Belaya River
Greenland Halibut	25 kg	32 kg	Norwegian Sea
Greenland shark	600 kg	900 kg	Norwegian Sea
Gudgeon	100 g	160 g	Akhtuba River, Belaya River, Seversky Donets, Sura River, Volkhov River, Winding Rivulet
Haddock	11 kg	13 kg	Norwegian Sea
Hi Utsuri	25 kg	32 kg	Copper Lake
Humpback Whitefish	4.5 kg	6 kg	Belaya River, Lower Tunguska
Hybrid Striped Bass (Whiterock Bass)	8 kg	10 kg	Elk Lake
Icelandic scallop	350 g	450 g	Norwegian Sea
Ide	4 kg	6.5 kg	Akhtuba River, Amber Lake, Belaya River, Copper Lake, Lower Tunguska, Mosquito Lake, Sura River, Volkhov River, Winding Rivulet
Kaluga	500 kg	1000 kg	Yama River
Kamchatkan Rainbow Trout	8 kg	10 kg	Yama River
Kessler's Herring	1.2 kg	1.7 kg	Akhtuba River
Kohaku	25 kg	32 kg	Copper Lake
Kuori Char	22 kg	30 kg	Kuori Lake
Kuori Whitefish	3.5 kg	5 kg	Kuori Lake
Kvolsdorfsky tench	4 kg	6 kg	Copper Lake
Ladoga Lake Whitefish	3 kg	4 kg	Ladoga Archipelago
Ladoga salmon	14 kg	20 kg	Ladoga Archipelago, Ladoga Lake, Volkhov River
Ladoga sturgeon	60 kg	85 kg	Ladoga Archipelago
Lake Minnow	100 g	160 g	Lower Tunguska
Lake Trout	10 kg	15 kg	Kuori Lake, Ladoga Archipelago, Ladoga Lake
Largemouth bass	6 kg	7.5 kg	Elk Lake
Leather Carp	30 kg	45 kg	Amber Lake, Bear Lake, Copper Lake
Levanidov's Char	1.6 kg	2.1 kg	Yama River
Linear albino carp	25 kg	40 kg	Amber Lake
Linear carp	25 kg	40 kg	Amber Lake
Linear Ghost Carp	25 kg	40 kg	Amber Lake
Loach	200 g	250 g	Akhtuba River, Mosquito Lake
Longear eelpout	1.2 kg	1.5 kg	Norwegian Sea
Longhead dab	3 kg	4 kg	Norwegian Sea
Longnose Sucker	1.8 kg	2.2 kg	Yama River
Ludoga Whitefish	3 kg	5 kg	Ladoga Archipelago, Ladoga Lake
Lumpfish	6 kg	7.5 kg	Norwegian Sea
Mameshibori Goshiki	25 kg	32 kg	Copper Lake
Masu	6.5 kg	8 kg	Yama River
Masu sedentary	5 kg	6.5 kg	Yama River
Meagre	65 kg	90 kg	Norwegian Sea
Midori goi	25 kg	32 kg	Mosquito Lake
Mirror Albino Carp	25 kg	40 kg	Amber Lake
Mirror Carp	25 kg	40 kg	Amber Lake, Bear Lake, Copper Lake, Mosquito Lake
Mirror ghost carp	25 kg	40 kg	Amber Lake
Mongolian redfin	2.5 kg	3.2 kg	Yama River
Muksun	6 kg	9 kg	Lower Tunguska
Mussel	130 g	150 g	Norwegian Sea
Narumi Asagi	25 kg	32 kg	Copper Lake
Nase	800 g	1.2 kg	Akhtuba River, Belaya River, Seversky Donets, Sura River, Volkhov River, Winding Rivulet
Neiva	1.4 kg	1.7 kg	Yama River
Nelma	25 kg	30 kg	Lower Tunguska
Nine-Spined Stickleback	70 g	90 g	Yama River
Northern wolffish	13 kg	17 kg	Norwegian Sea
Opah	140 kg	200 kg	Norwegian Sea
Orenji Ogon	25 kg	32 kg	Copper Lake
Ostrog Whitefish	3 kg	4 kg	Old Burg
Oyster	300 g	370 g	Norwegian Sea
Peled	3 kg	4 kg	Kuori Lake, Lower Tunguska
Perch	1.6 kg	2.7 kg	Akhtuba River, Amber Lake, Bear Lake, Belaya River, Copper Lake, Kuori Lake, Ladoga Archipelago, Ladoga Lake, Lower Tunguska, Mosquito Lake, Old Burg, Seversky Donets, Sura River, Volkhov River, Winding Rivulet, Yama River
Persian Sturgeon	100 kg	150 kg	Akhtuba River
Pike	12 kg	20 kg	Akhtuba River, Belaya River, Copper Lake, Ladoga Archipelago, Ladoga Lake, Lower Tunguska, Mosquito Lake, Old Burg, Seversky Donets, Sura River, Volkhov River, Winding Rivulet
Pink Salmon	3 kg	4 kg	Lower Tunguska, Yama River
Pollock	11 kg	14 kg	Norwegian Sea
Pontic shad	650 g	900 g	Seversky Donets
Porbeagle	140 kg	190 kg	Norwegian Sea
Pumpkinseed Sunfish	450 g	600 g	Seversky Donets
Rainbow Trout	10 kg	13 kg	Kuori Lake
Red Char	5 kg	7.6 kg	Ladoga Archipelago, Ladoga Lake
Red king crab	7.5 kg	9 kg	Norwegian Sea
Red Starvas Carp - Scaly	20 kg	30 kg	Amber Lake
Redear sunfish	1.7 kg	2.3 kg	Elk Lake
Ripus	1.2 kg	1.7 kg	Ladoga Archipelago, Ladoga Lake
River mussel	190 g	280 g	Akhtuba River, Bear Lake, Belaya River, Lower Tunguska, Seversky Donets, Sura River, Volkhov River, Winding Rivulet
Roughhead grenadier	3 kg	4 kg	Norwegian Sea
Round Whitefish	1.2 kg	1.6 kg	Lower Tunguska, Yama River
Rudd	1.5 kg	2 kg	Akhtuba River, Seversky Donets, Sura River
Ruffe	140 g	220 g	Akhtuba River, Amber Lake, Bear Lake, Belaya River, Copper Lake, Kuori Lake, Ladoga Archipelago, Ladoga Lake, Lower Tunguska, Mosquito Lake, Old Burg, Seversky Donets, Sura River, Volkhov River, Winding Rivulet
Russian Sturgeon	50 kg	100 kg	Akhtuba River, Seversky Donets
Saithe	19 kg	25 kg	Norwegian Sea
Sardine	180 g	240 g	Norwegian Sea
Scaleless Albino Carp	30 kg	45 kg	Amber Lake
Scaleless Ghost Carp	30 kg	45 kg	Amber Lake
Sevan Trout	9 kg	15 kg	Kuori Lake
Sharp-snouted Lenok	5.5 kg	7 kg	Lower Tunguska, Yama River
Shemaya	600 g	900 g	Akhtuba River
Short-headed Barbel	13 kg	18 kg	Akhtuba River
Shorthorn sculpin	3 kg	4 kg	Norwegian Sea
Siberian Char Loach	60 g	80 g	Lower Tunguska, Yama River
Siberian Dace	250 g	390 g	Lower Tunguska
Siberian Gudgeon	150 g	200 g	Lower Tunguska
Siberian Lamprey	40 g	45 g	Lower Tunguska
Siberian Roach	600 g	700 g	Lower Tunguska
Siberian Sardine Cisco	800 g	1.1 kg	Lower Tunguska
Siberian Sculpin	45 g	55 g	Lower Tunguska
Siberian Sterlet	9 kg	14 kg	Lower Tunguska
Sichel	1.5 kg	2 kg	Akhtuba River, Seversky Donets, Sura River
Silver Carp	25 kg	40 kg	Akhtuba River, Sura River
Small redfish	3 kg	4 kg	Norwegian Sea
Small Southern Stickleback	70 g	90 g	Akhtuba River
Smallmouth bass	3 kg	4 kg	Elk Lake
Smelt	130 g	200 g	Ladoga Archipelago, Ladoga Lake
Sockeye Salmon	4.5 kg	6 kg	Yama River
Spiny dogfish	7 kg	10 kg	Norwegian Sea
Spotted bass	3 kg	4.5 kg	Elk Lake
Spotted Gar	3 kg	4 kg	Elk Lake
Spotted wolffish	17 kg	22 kg	Norwegian Sea
Starvas Red Carp - Mirror	25 kg	40 kg	Amber Lake
Stellate Sturgeon	50 kg	70 kg	Akhtuba River
Sterlet	9 kg	14 kg	Akhtuba River, Belaya River, Sura River
Striped Bass (Striper)	30 kg	45 kg	Elk Lake
Svir Whitefish	3.5 kg	5 kg	Ladoga Archipelago
Swordfish	300 kg	450 kg	Norwegian Sea
Taimen	50 kg	80 kg	Belaya River, Lower Tunguska
Taran	1.3 kg	1.8 kg	Seversky Donets
Tench	4 kg	6 kg	Akhtuba River, Amber Lake, Bear Lake, Copper Lake, Lower Tunguska, Mosquito Lake, Old Burg, Seversky Donets, Sura River, Volkhov River, Winding Rivulet
Thorny skate	11 kg	14 kg	Norwegian Sea
Three Toothed Lamprey	70 g	90 g	Lower Tunguska, Yama River
Three-spined Stickleback	70 g	90 g	Ladoga Archipelago, Ladoga Lake, Lower Tunguska
Tugun	60 g	70 g	Lower Tunguska
Turbot	14 kg	18 kg	Norwegian Sea
Ugui	1.2 kg	1.5 kg	Yama River
Ukrainian Lamprey	70 g	90 g	Seversky Donets
Valaam Whitefish	1.5 kg	2.5 kg	Ladoga Archipelago, Ladoga Lake
Vendace	500 g	800 g	Kuori Lake, Ladoga Archipelago, Ladoga Lake, Volkhov River
Vimba	1.5 kg	2.4 kg	Ladoga Archipelago, Ladoga Lake, Sura River, Volkhov River
Viviparous eelpout	900 g	1.3 kg	Norwegian Sea
Volga Zander	1.4 kg	2.2 kg	Seversky Donets, Sura River, Winding Rivulet
Volkhov Whitefish	4 kg	7 kg	Ladoga Archipelago, Ladoga Lake
Vuoksa Whitefish	3 kg	5 kg	Ladoga Archipelago, Ladoga Lake
Walleye	7 kg	9 kg	Elk Lake
Warmouth	650 g	850 g	Elk Lake
White bass	1.75 kg	2.5 kg	Elk Lake
White Bream	800 g	1.2 kg	Akhtuba River, Amber Lake, Bear Lake, Belaya River, Copper Lake, Kuori Lake, Ladoga Archipelago, Ladoga Lake, Mosquito Lake, Old Burg, Seversky Donets, Sura River, Volkhov River, Winding Rivulet
White crappie	1.35 kg	2 kg	Elk Lake
White-eye Bream	600 g	900 g	Akhtuba River, Belaya River, Ladoga Archipelago, Ladoga Lake, Seversky Donets, Sura River, Volkhov River, Winding Rivulet
Whitespotted Char	10 kg	14 kg	Yama River
Whiting	3 kg	4 kg	Norwegian Sea
Wild Carp	25 kg	35 kg	Akhtuba River, Seversky Donets, Sura River
Yotsushiro	25 kg	32 kg	Copper Lake
Zander	8 kg	12 kg	Akhtuba River, Belaya River, Ladoga Archipelago, Ladoga Lake, Seversky Donets, Sura River, Volkhov River
Zebra Mussel	150 g	210 g	Akhtuba River, Seversky Donets, Sura River, Volkhov River, Winding Rivulet
